dataset,total_rows,total_columns,column_name,data_type,missing_count,missing_pct,duplicate_rows,unique_values,min_value,max_value,mean_value,sample_values
external_factors,972,8,date,str,0,0.0,0,243,N/A,N/A,N/A,"['2026-01-01', '2026-01-02', '2026-01-03', '2026-01-04', '2026-01-05']"
external_factors,972,8,city,str,0,0.0,0,4,N/A,N/A,N/A,"['Coimbatore', 'Chennai', 'Madurai', 'Salem']"
external_factors,972,8,temp_c,float64,18,1.85,0,103,24.6,36.0,30.66,"[27.2, 33.4, 29.8, 27.0, 27.9]"
external_factors,972,8,rain_mm,float64,0,0.0,0,106,0.0,25.0,1.38,"[4.0, 7.4, 1.2, 0.0, 1.3]"
external_factors,972,8,holiday,int64,0,0.0,0,2,0.0,1.0,0.02,"[1, 0]"
external_factors,972,8,festival,int64,0,0.0,0,2,0.0,1.0,0.02,"[0, 1]"
external_factors,972,8,weekend,int64,0,0.0,0,2,0.0,1.0,0.29,"[0, 1]"
external_factors,972,8,local_event,int64,0,0.0,0,2,0.0,1.0,0.04,"[0, 1]"
inventory,29160,9,date,str,0,0.0,0,243,N/A,N/A,N/A,"['2026-01-01', '2026-01-02', '2026-01-03', '2026-01-04', '2026-01-05']"
inventory,29160,9,store_id,str,0,0.0,0,4,N/A,N/A,N/A,"['S01', 'S02', 'S03', 'S04']"
inventory,29160,9,product_id,str,0,0.0,0,30,N/A,N/A,N/A,"['P101', 'P102', 'P103', 'P104', 'P105']"
inventory,29160,9,opening,int64,0,0.0,0,864,11.0,1127.0,195.0,"[82, 293, 124, 68, 98]"
inventory,29160,9,received,int64,0,0.0,0,461,0.0,537.0,36.75,"[82, 167, 282, 172, 170]"
inventory,29160,9,sold,int64,0,0.0,0,164,3.0,185.0,36.42,"[24, 59, 56, 33, 49]"
inventory,29160,9,closing,int64,0,0.0,0,864,11.0,1127.0,195.33,"[140, 401, 350, 207, 219]"
inventory,29160,9,reorder_lvl,int64,0,0.0,0,321,15.0,861.0,153.96,"[87, 391, 290, 261, 217]"
inventory,29160,9,lead_days,int64,0,0.0,0,6,1.0,6.0,2.55,"[2, 4, 3, 1, 5]"
products,30,8,product_id,str,0,0.0,0,30,N/A,N/A,N/A,"['P101', 'P102', 'P103', 'P104', 'P105']"
products,30,8,category,str,0,0.0,0,8,N/A,N/A,N/A,"['Dairy', 'Personal Care', 'beverages', 'BEVERAGES', 'Beverages']"
products,30,8,sub_category,str,0,0.0,0,30,N/A,N/A,N/A,"['Milk', 'Curd', 'Butter', 'Cheese', 'Paneer']"
products,30,8,brand,str,0,0.0,0,20,N/A,N/A,N/A,"['Aavin', 'MilkyMist', 'GlowCare', 'FreshGlow', 'DentaPlus']"
products,30,8,mrp,int64,0,0.0,0,21,25.0,220.0,104.33,"[60, 45, 110, 150, 95]"
products,30,8,cost_price,int64,0,0.0,0,28,16.0,165.0,75.67,"[52, 38, 92, 125, 78]"
products,30,8,shelf_life_days,int64,0,0.0,0,12,3.0,900.0,352.0,"[3, 7, 60, 90, 10]"
products,30,8,supplier_id,str,0,0.0,0,14,N/A,N/A,N/A,"['SUP01', 'SUP02', 'SUP08', 'SUP09', 'SUP04']"
stores,4,6,store_id,str,0,0.0,0,4,N/A,N/A,N/A,"['S01', 'S02', 'S03', 'S04']"
stores,4,6,city,str,0,0.0,0,4,N/A,N/A,N/A,"['Coimbatore', 'Chennai', 'Madurai', 'Salem']"
stores,4,6,store_type,str,0,0.0,0,3,N/A,N/A,N/A,"['Supermarket', 'Hypermarket', 'Express']"
stores,4,6,floor_area_sqft,int64,0,0.0,0,4,4200.0,18000.0,9575.0,"[8500, 18000, 4200, 7600]"
stores,4,6,avg_daily_customers,int64,0,0.0,0,4,720.0,2850.0,1475.0,"[1250, 2850, 720, 1080]"
stores,4,6,region,str,0,0.0,0,4,N/A,N/A,N/A,"['West', 'North', 'South', 'Central']"
transactions,67344,11,transaction_id,str,0,0.0,1,67343,N/A,N/A,N/A,"['T100001', 'T100002', 'T100003', 'T100004', 'T100005']"
transactions,67344,11,date,str,0,0.0,1,243,N/A,N/A,N/A,"['2026-01-01', '2026-01-02', '2026-01-03', '2026-01-04', '2026-01-05']"
transactions,67344,11,store_id,str,0,0.0,1,4,N/A,N/A,N/A,"['S01', 'S02', 'S03', 'S04']"
transactions,67344,11,product_id,str,0,0.0,1,30,N/A,N/A,N/A,"['P101', 'P102', 'P103', 'P104', 'P105']"
transactions,67344,11,quantity,int64,0,0.0,1,156,-4.0,172.0,15.77,"[3, 21, 42, 9, 8]"
transactions,67344,11,selling_price,float64,0,0.0,1,9964,19.41,225.63,103.52,"[59.95, 60.2, 44.74, 44.63, 44.7]"
transactions,67344,11,discount_pct,float64,0,0.0,1,5,0.0,20.0,0.59,"[0.0, 5.0, 10.0, 15.0, 20.0]"
transactions,67344,11,promotion_flag,int64,0,0.0,1,2,0.0,1.0,0.12,"[0, 1]"
transactions,67344,11,customer_id,str,0,0.0,1,4000,N/A,N/A,N/A,"['C1725', 'C2216', 'C3971', 'C4565', 'C1115']"
transactions,67344,11,payment_mode,str,0,0.0,1,3,N/A,N/A,N/A,"['UPI', 'Card', 'Cash']"
transactions,67344,11,hour,int64,0,0.0,1,14,8.0,21.0,15.31,"[18, 19, 16, 8, 13]"
