date,city,temp_c,rain_mm,holiday,festival,weekend,local_event
2026-01-01,Coimbatore,27.2,4.0,1,0,0,0
2026-01-01,Chennai,33.4,7.4,1,0,0,0
2026-01-01,Madurai,29.8,1.2,1,0,0,0
2026-01-01,Salem,27.0,0.0,1,0,0,0
2026-01-02,Coimbatore,27.9,1.3,0,0,0,0
2026-01-02,Chennai,29.0,0.0,0,0,0,0
2026-01-02,Madurai,30.7,1.3,0,0,0,0
2026-01-02,Salem,28.3,0.0,0,0,0,0
2026-01-03,Coimbatore,28.3,1.6,0,0,1,0
2026-01-03,Chennai,31.6,0.0,0,0,1,0
2026-01-03,Madurai,33.9,6.2,0,0,1,0
2026-01-03,Salem,30.0,4.0,0,0,1,0
2026-01-04,Coimbatore,27.4,0.3,0,0,1,0
2026-01-04,Chennai,32.0,0.2,0,0,1,0
2026-01-04,Madurai,31.3,0.0,0,0,1,0
2026-01-04,Salem,30.2,1.2,0,0,1,0
2026-01-05,Coimbatore,28.3,0.0,0,0,0,0
2026-01-05,Chennai,30.3,0.0,0,0,0,0
2026-01-05,Madurai,29.2,0.0,0,0,0,0
2026-01-05,Salem,29.6,0.0,0,0,0,0
2026-01-06,Coimbatore,27.9,0.0,0,0,0,0
2026-01-06,Chennai,28.6,7.8,0,0,0,0
2026-01-06,Madurai,29.0,0.0,0,0,0,1
2026-01-06,Salem,30.5,11.3,0,0,0,0
2026-01-07,Coimbatore,28.1,4.8,0,0,0,0
2026-01-07,Chennai,33.1,4.1,0,0,0,0
2026-01-07,Madurai,31.9,0.0,0,0,0,0
2026-01-07,Salem,28.8,0.0,0,0,0,0
2026-01-08,Coimbatore,27.0,4.1,0,0,0,0
2026-01-08,Chennai,31.6,0.0,0,0,0,0
2026-01-08,Madurai,31.9,0.0,0,0,0,0
2026-01-08,Salem,27.0,3.3,0,0,0,0
2026-01-09,Coimbatore,28.0,3.0,0,0,0,0
2026-01-09,Chennai,31.8,0.0,0,0,0,0
2026-01-09,Madurai,29.4,0.0,0,0,0,0
2026-01-09,Salem,30.3,0.0,0,0,0,0
2026-01-10,Coimbatore,27.8,0.0,0,0,1,0
2026-01-10,Chennai,30.7,2.0,0,0,1,0
2026-01-10,Madurai,30.9,1.5,0,0,1,0
2026-01-10,Salem,28.2,0.0,0,0,1,0
2026-01-11,Coimbatore,30.7,0.0,0,0,1,0
2026-01-11,Chennai,32.9,0.0,0,0,1,0
2026-01-11,Madurai,29.4,0.0,0,0,1,0
2026-01-11,Salem,29.7,0.0,0,0,1,0
2026-01-12,Coimbatore,29.8,0.0,0,0,0,0
2026-01-12,Chennai,32.2,0.0,0,0,0,0
2026-01-12,Madurai,31.3,2.8,0,0,0,0
2026-01-12,Salem,30.4,0.0,0,0,0,0
2026-01-13,Coimbatore,29.2,0.0,0,0,0,1
2026-01-13,Chennai,30.5,1.1,0,0,0,0
2026-01-13,Madurai,31.9,0.0,0,0,0,0
2026-01-13,Salem,30.4,14.8,0,0,0,0
2026-01-14,Coimbatore,30.0,0.0,0,1,0,0
2026-01-14,Chennai,31.7,0.0,0,1,0,0
2026-01-14,Madurai,29.3,0.0,0,1,0,0
2026-01-14,Salem,29.4,0.9,0,1,0,0
2026-01-15,Coimbatore,29.6,0.0,0,1,0,0
2026-01-15,Chennai,32.6,0.0,0,1,0,0
2026-01-15,Madurai,30.9,5.5,0,1,0,0
2026-01-15,Salem,29.1,0.0,0,1,0,0
2026-01-16,Coimbatore,29.8,12.1,0,1,0,0
2026-01-16,Chennai,32.1,0.0,0,1,0,0
2026-01-16,Madurai,29.7,0.0,0,1,0,0
2026-01-16,Salem,27.9,0.0,0,1,0,0
2026-01-17,Coimbatore,28.0,0.0,0,0,1,0
2026-01-17,Chennai,32.7,0.0,0,0,1,0
2026-01-17,Madurai,35.7,0.0,0,0,1,0
2026-01-17,Salem,29.2,0.0,0,0,1,0
2026-01-18,Coimbatore,30.0,0.0,0,0,1,0
2026-01-18,Chennai,34.9,0.2,0,0,1,0
2026-01-18,Madurai,35.7,0.0,0,0,1,1
2026-01-18,Salem,29.2,1.4,0,0,1,0
2026-01-19,Coimbatore,29.4,0.0,0,0,0,0
2026-01-19,Chennai,29.7,0.0,0,0,0,0
2026-01-19,Madurai,31.4,0.0,0,0,0,0
2026-01-19,Salem,30.2,0.0,0,0,0,0
2026-01-20,Coimbatore,30.2,4.0,0,0,0,0
2026-01-20,Chennai,30.2,18.9,0,0,0,0
2026-01-20,Madurai,32.4,0.0,0,0,0,0
2026-01-20,Salem,30.2,0.0,0,0,0,0
2026-01-21,Coimbatore,30.1,0.0,0,0,0,0
2026-01-21,Chennai,31.9,0.0,0,0,0,0
2026-01-21,Madurai,29.7,0.0,0,0,0,0
2026-01-21,Salem,31.4,0.0,0,0,0,0
2026-01-22,Coimbatore,27.5,0.0,0,0,0,0
2026-01-22,Chennai,32.5,1.9,0,0,0,0
2026-01-22,Madurai,29.0,0.0,0,0,0,0
2026-01-22,Salem,31.3,0.0,0,0,0,0
2026-01-23,Coimbatore,29.8,0.0,0,0,0,0
2026-01-23,Chennai,32.1,4.9,0,0,0,0
2026-01-23,Madurai,30.5,0.0,0,0,0,0
2026-01-23,Salem,29.1,7.2,0,0,0,1
2026-01-24,Coimbatore,29.7,0.0,0,0,1,0
2026-01-24,Chennai,33.0,7.3,0,0,1,0
2026-01-24,Madurai,32.0,0.0,0,0,1,0
2026-01-24,Salem,30.5,0.0,0,0,1,0
2026-01-25,Coimbatore,29.1,0.0,0,0,1,0
2026-01-25,Chennai,33.9,0.0,0,0,1,0
2026-01-25,Madurai,31.4,0.0,0,0,1,0
2026-01-25,Salem,30.2,0.0,0,0,1,1
2026-01-26,Coimbatore,29.2,0.0,1,0,0,0
2026-01-26,Chennai,31.2,0.0,1,0,0,0
2026-01-26,Madurai,29.9,0.0,1,0,0,0
2026-01-26,Salem,29.9,1.1,1,0,0,0
2026-01-27,Coimbatore,29.0,6.1,0,0,0,0
2026-01-27,Chennai,31.4,4.7,0,0,0,0
2026-01-27,Madurai,32.1,4.9,0,0,0,0
2026-01-27,Salem,28.2,0.0,0,0,0,0
2026-01-28,Coimbatore,27.7,0.0,0,0,0,0
2026-01-28,Chennai,31.6,0.0,0,0,0,0
2026-01-28,Madurai,31.2,0.0,0,0,0,0
2026-01-28,Salem,29.9,1.0,0,0,0,0
2026-01-29,Coimbatore,31.0,0.0,0,0,0,0
2026-01-29,Chennai,33.4,0.0,0,0,0,0
2026-01-29,Madurai,31.0,0.0,0,0,0,0
2026-01-29,Salem,30.5,0.0,0,0,0,1
2026-01-30,Coimbatore,29.6,0.0,0,0,0,0
2026-01-30,Chennai,33.7,0.0,0,0,0,0
2026-01-30,Madurai,34.2,0.0,0,0,0,0
2026-01-30,Salem,30.5,0.0,0,0,0,0
2026-01-31,Coimbatore,29.4,0.0,0,0,1,0
2026-01-31,Chennai,33.7,0.1,0,0,1,0
2026-01-31,Madurai,30.9,0.0,0,0,1,0
2026-01-31,Salem,30.4,0.0,0,0,1,0
2026-02-01,Coimbatore,31.8,0.0,0,0,1,0
2026-02-01,Chennai,31.0,0.0,0,0,1,0
2026-02-01,Madurai,33.7,2.1,0,0,1,0
2026-02-01,Salem,29.7,10.4,0,0,1,0
2026-02-02,Coimbatore,26.6,1.0,0,0,0,0
2026-02-02,Chennai,32.6,0.0,0,0,0,0
2026-02-02,Madurai,31.6,0.0,0,0,0,0
2026-02-02,Salem,28.8,0.0,0,0,0,0
2026-02-03,Coimbatore,29.4,7.5,0,0,0,0
2026-02-03,Chennai,34.5,0.0,0,0,0,0
2026-02-03,Madurai,31.7,0.0,0,0,0,0
2026-02-03,Salem,32.0,0.0,0,0,0,0
2026-02-04,Coimbatore,28.4,2.2,0,0,0,0
2026-02-04,Chennai,31.5,7.0,0,0,0,0
2026-02-04,Madurai,29.6,0.0,0,0,0,0
2026-02-04,Salem,31.9,0.0,0,0,0,0
2026-02-05,Coimbatore,29.1,0.0,0,0,0,0
2026-02-05,Chennai,34.3,0.0,0,0,0,0
2026-02-05,Madurai,31.6,4.6,0,0,0,0
2026-02-05,Salem,27.7,0.0,0,0,0,0
2026-02-06,Coimbatore,29.6,0.7,0,0,0,0
2026-02-06,Chennai,33.3,0.0,0,0,0,0
2026-02-06,Madurai,31.2,1.3,0,0,0,0
2026-02-06,Salem,30.1,0.9,0,0,0,0
2026-02-07,Coimbatore,29.6,0.0,0,0,1,0
2026-02-07,Chennai,32.8,3.3,0,0,1,0
2026-02-07,Madurai,31.5,1.2,0,0,1,0
2026-02-07,Salem,28.7,0.0,0,0,1,0
2026-02-08,Coimbatore,30.8,0.0,0,0,1,0
2026-02-08,Chennai,31.6,0.0,0,0,1,0
2026-02-08,Madurai,33.6,0.0,0,0,1,0
2026-02-08,Salem,29.5,0.8,0,0,1,0
2026-02-09,Coimbatore,31.0,0.0,0,0,0,0
2026-02-09,Chennai,33.6,0.0,0,0,0,0
2026-02-09,Madurai,31.2,8.1,0,0,0,0
2026-02-09,Salem,31.4,0.0,0,0,0,0
2026-02-10,Coimbatore,32.1,0.0,0,0,0,0
2026-02-10,Chennai,32.0,2.2,0,0,0,0
2026-02-10,Madurai,28.8,0.0,0,0,0,0
2026-02-10,Salem,31.1,0.0,0,0,0,0
2026-02-11,Coimbatore,30.1,3.9,0,0,0,0
2026-02-11,Chennai,32.9,0.0,0,0,0,0
2026-02-11,Madurai,32.7,0.0,0,0,0,0
2026-02-11,Salem,29.4,0.0,0,0,0,0
2026-02-12,Coimbatore,27.7,0.3,0,0,0,0
2026-02-12,Chennai,33.8,0.0,0,0,0,0
2026-02-12,Madurai,31.7,1.4,0,0,0,0
2026-02-12,Salem,31.6,1.7,0,0,0,0
2026-02-13,Coimbatore,29.0,0.0,0,0,0,0
2026-02-13,Chennai,35.8,0.0,0,0,0,0
2026-02-13,Madurai,32.1,2.4,0,0,0,0
2026-02-13,Salem,31.8,4.3,0,0,0,0
2026-02-14,Coimbatore,29.5,0.0,0,0,1,0
2026-02-14,Chennai,32.5,0.0,0,0,1,0
2026-02-14,Madurai,31.6,0.0,0,0,1,0
2026-02-14,Salem,31.5,0.0,0,0,1,0
2026-02-15,Coimbatore,31.2,0.0,0,0,1,0
2026-02-15,Chennai,31.9,0.0,0,0,1,0
2026-02-15,Madurai,33.0,0.0,0,0,1,0
2026-02-15,Salem,30.5,0.0,0,0,1,0
2026-02-16,Coimbatore,28.9,0.0,0,0,0,0
2026-02-16,Chennai,32.5,0.0,0,0,0,0
2026-02-16,Madurai,31.4,0.0,0,0,0,0
2026-02-16,Salem,30.9,0.0,0,0,0,0
2026-02-17,Coimbatore,31.8,0.0,0,0,0,1
2026-02-17,Chennai,33.5,0.0,0,0,0,0
2026-02-17,Madurai,33.5,1.4,0,0,0,0
2026-02-17,Salem,31.5,0.0,0,0,0,0
2026-02-18,Coimbatore,31.6,0.8,0,0,0,0
2026-02-18,Chennai,32.4,0.0,0,0,0,0
2026-02-18,Madurai,32.2,0.0,0,0,0,0
2026-02-18,Salem,33.7,0.0,0,0,0,1
2026-02-19,Coimbatore,32.2,0.0,0,0,0,0
2026-02-19,Chennai,33.7,16.3,0,0,0,0
2026-02-19,Madurai,33.6,0.0,0,0,0,0
2026-02-19,Salem,29.3,0.0,0,0,0,0
2026-02-20,Coimbatore,29.9,19.2,0,0,0,0
2026-02-20,Chennai,33.7,0.0,0,0,0,0
2026-02-20,Madurai,33.1,0.0,0,0,0,0
2026-02-20,Salem,27.8,0.0,0,0,0,0
2026-02-21,Coimbatore,28.3,0.0,0,0,1,0
2026-02-21,Chennai,32.7,3.5,0,0,1,0
2026-02-21,Madurai,30.8,0.0,0,0,1,0
2026-02-21,Salem,31.2,0.0,0,0,1,0
2026-02-22,Coimbatore,30.1,0.0,0,0,1,0
2026-02-22,Chennai,33.3,0.0,0,0,1,0
2026-02-22,Madurai,31.9,2.6,0,0,1,0
2026-02-22,Salem,29.7,0.0,0,0,1,0
2026-02-23,Coimbatore,30.2,0.0,0,0,0,0
2026-02-23,Chennai,34.6,0.1,0,0,0,0
2026-02-23,Madurai,31.9,3.7,0,0,0,0
2026-02-23,Salem,31.7,9.8,0,0,0,0
2026-02-24,Coimbatore,30.2,2.6,0,0,0,0
2026-02-24,Chennai,32.8,0.0,0,0,0,0
2026-02-24,Madurai,31.7,0.0,0,0,0,0
2026-02-24,Salem,29.3,5.9,0,0,0,0
2026-02-25,Coimbatore,28.1,0.0,0,0,0,1
2026-02-25,Chennai,35.3,0.0,0,0,0,0
2026-02-25,Madurai,33.7,0.1,0,0,0,0
2026-02-25,Salem,28.1,1.8,0,0,0,0
2026-02-26,Coimbatore,30.6,0.0,0,0,0,0
2026-02-26,Chennai,32.7,3.5,0,0,0,0
2026-02-26,Madurai,31.4,0.0,0,0,0,0
2026-02-26,Salem,30.2,0.0,0,0,0,0
2026-02-27,Coimbatore,28.2,0.0,0,0,0,0
2026-02-27,Chennai,33.8,0.0,0,0,0,0
2026-02-27,Madurai,34.1,0.0,0,0,0,0
2026-02-27,Salem,32.6,0.0,0,0,0,0
2026-02-28,Coimbatore,30.7,0.0,0,0,1,0
2026-02-28,Chennai,33.4,1.5,0,0,1,0
2026-02-28,Madurai,33.8,0.8,0,0,1,0
2026-02-28,Salem,31.3,0.0,0,0,1,0
2026-03-01,Coimbatore,30.4,5.2,0,0,1,0
2026-03-01,Chennai,31.4,0.0,0,0,1,0
2026-03-01,Madurai,31.8,2.8,0,0,1,0
2026-03-01,Salem,30.0,14.1,0,0,1,0
2026-03-02,Coimbatore,28.9,0.0,0,0,0,0
2026-03-02,Chennai,34.4,3.4,0,0,0,0
2026-03-02,Madurai,33.0,0.0,0,0,0,0
2026-03-02,Salem,31.4,0.0,0,0,0,0
2026-03-03,Coimbatore,31.5,2.8,0,0,0,0
2026-03-03,Chennai,33.8,4.6,0,0,0,0
2026-03-03,Madurai,32.8,0.0,0,0,0,0
2026-03-03,Salem,30.5,0.0,0,0,0,0
2026-03-04,Coimbatore,29.7,0.0,0,0,0,0
2026-03-04,Chennai,34.3,0.0,0,0,0,0
2026-03-04,Madurai,31.0,0.0,0,0,0,0
2026-03-04,Salem,32.3,0.0,0,0,0,0
2026-03-05,Coimbatore,29.5,0.0,0,0,0,0
2026-03-05,Chennai,34.5,0.0,0,0,0,0
2026-03-05,Madurai,33.1,0.0,0,0,0,0
2026-03-05,Salem,30.8,0.0,0,0,0,0
2026-03-06,Coimbatore,29.7,0.0,0,0,0,0
2026-03-06,Chennai,30.3,0.0,0,0,0,0
2026-03-06,Madurai,30.3,0.0,0,0,0,0
2026-03-06,Salem,28.7,0.5,0,0,0,0
2026-03-07,Coimbatore,29.2,0.1,0,0,1,0
2026-03-07,Chennai,31.9,0.0,0,0,1,0
2026-03-07,Madurai,32.1,0.0,0,0,1,0
2026-03-07,Salem,29.8,0.0,0,0,1,0
2026-03-08,Coimbatore,31.7,0.0,0,0,1,0
2026-03-08,Chennai,35.3,1.8,0,0,1,0
2026-03-08,Madurai,31.7,1.5,0,0,1,0
2026-03-08,Salem,29.4,1.8,0,0,1,0
2026-03-09,Coimbatore,31.1,0.0,0,0,0,0
2026-03-09,Chennai,32.6,0.0,0,0,0,0
2026-03-09,Madurai,31.9,0.0,0,0,0,0
2026-03-09,Salem,31.6,15.9,0,0,0,0
2026-03-10,Coimbatore,31.4,0.0,0,0,0,0
2026-03-10,Chennai,32.2,2.1,0,0,0,0
2026-03-10,Madurai,32.6,0.0,0,0,0,0
2026-03-10,Salem,30.3,0.0,0,0,0,0
2026-03-11,Coimbatore,31.6,3.8,0,0,0,0
2026-03-11,Chennai,32.2,0.0,0,0,0,0
2026-03-11,Madurai,33.0,0.0,0,0,0,0
2026-03-11,Salem,31.9,0.0,0,0,0,0
2026-03-12,Coimbatore,31.6,0.0,0,0,0,0
2026-03-12,Chennai,32.4,0.0,0,0,0,0
2026-03-12,Madurai,32.1,2.2,0,0,0,0
2026-03-12,Salem,29.2,0.0,0,0,0,0
2026-03-13,Coimbatore,31.3,0.0,0,0,0,0
2026-03-13,Chennai,33.7,0.0,0,0,0,0
2026-03-13,Madurai,34.3,0.0,0,0,0,0
2026-03-13,Salem,30.4,0.0,0,0,0,0
2026-03-14,Coimbatore,30.6,0.2,0,0,1,0
2026-03-14,Chennai,34.6,0.0,0,0,1,0
2026-03-14,Madurai,32.8,1.2,0,0,1,0
2026-03-14,Salem,32.8,0.0,0,0,1,0
2026-03-15,Coimbatore,30.3,0.6,0,0,1,0
2026-03-15,Chennai,33.2,4.7,0,0,1,0
2026-03-15,Madurai,31.7,0.0,0,0,1,0
2026-03-15,Salem,31.7,0.0,0,0,1,0
2026-03-16,Coimbatore,30.3,0.0,0,0,0,0
2026-03-16,Chennai,33.4,0.0,0,0,0,0
2026-03-16,Madurai,32.7,2.4,0,0,0,0
2026-03-16,Salem,30.6,0.0,0,0,0,0
2026-03-17,Coimbatore,30.8,0.0,0,0,0,0
2026-03-17,Chennai,33.2,0.0,0,0,0,0
2026-03-17,Madurai,31.3,3.0,0,0,0,0
2026-03-17,Salem,30.8,11.0,0,0,0,0
2026-03-18,Coimbatore,28.8,0.0,0,0,0,0
2026-03-18,Chennai,33.1,0.0,0,0,0,0
2026-03-18,Madurai,31.7,0.0,0,0,0,0
2026-03-18,Salem,32.1,2.0,0,0,0,1
2026-03-19,Coimbatore,27.5,0.0,0,0,0,0
2026-03-19,Chennai,32.3,3.5,0,0,0,0
2026-03-19,Madurai,35.3,0.0,0,0,0,0
2026-03-19,Salem,30.9,4.1,0,0,0,0
2026-03-20,Coimbatore,28.0,2.5,0,0,0,0
2026-03-20,Chennai,32.6,0.0,0,0,0,0
2026-03-20,Madurai,31.9,1.4,0,0,0,0
2026-03-20,Salem,31.0,0.0,0,0,0,0
2026-03-21,Coimbatore,29.7,0.0,0,0,1,0
2026-03-21,Chennai,34.7,2.0,0,0,1,0
2026-03-21,Madurai,32.2,0.0,0,0,1,0
2026-03-21,Salem,32.5,0.0,0,0,1,0
2026-03-22,Coimbatore,29.2,0.0,0,0,1,0
2026-03-22,Chennai,32.8,0.0,0,0,1,0
2026-03-22,Madurai,31.3,0.0,0,0,1,0
2026-03-22,Salem,31.9,0.0,0,0,1,0
2026-03-23,Coimbatore,29.9,3.7,0,0,0,0
2026-03-23,Chennai,34.0,0.0,0,0,0,0
2026-03-23,Madurai,33.3,0.0,0,0,0,0
2026-03-23,Salem,31.2,0.0,0,0,0,0
2026-03-24,Coimbatore,31.7,0.0,0,0,0,0
2026-03-24,Chennai,33.3,8.2,0,0,0,0
2026-03-24,Madurai,33.1,0.0,0,0,0,0
2026-03-24,Salem,29.5,5.3,0,0,0,0
2026-03-25,Coimbatore,30.8,0.0,0,0,0,0
2026-03-25,Chennai,33.5,10.1,0,0,0,0
2026-03-25,Madurai,29.8,0.0,0,0,0,0
2026-03-25,Salem,31.3,0.0,0,0,0,0
2026-03-26,Coimbatore,31.5,0.0,0,0,0,0
2026-03-26,Chennai,32.0,3.5,0,0,0,0
2026-03-26,Madurai,33.1,2.9,0,0,0,0
2026-03-26,Salem,32.8,7.2,0,0,0,0
2026-03-27,Coimbatore,31.5,0.0,0,0,0,0
2026-03-27,Chennai,35.0,0.0,0,0,0,0
2026-03-27,Madurai,32.1,3.2,0,0,0,0
2026-03-27,Salem,31.9,3.5,0,0,0,0
2026-03-28,Coimbatore,30.3,0.0,0,0,1,0
2026-03-28,Chennai,34.0,8.4,0,0,1,0
2026-03-28,Madurai,32.9,0.0,0,0,1,0
2026-03-28,Salem,32.3,0.9,0,0,1,0
2026-03-29,Coimbatore,30.8,0.0,0,0,1,0
2026-03-29,Chennai,32.7,8.1,0,0,1,0
2026-03-29,Madurai,33.1,0.0,0,0,1,0
2026-03-29,Salem,31.2,8.3,0,0,1,0
2026-03-30,Coimbatore,29.2,0.0,0,0,0,0
2026-03-30,Chennai,34.3,0.0,0,0,0,0
2026-03-30,Madurai,33.7,0.0,0,0,0,0
2026-03-30,Salem,30.7,0.0,0,0,0,0
2026-03-31,Coimbatore,28.5,0.0,0,0,0,0
2026-03-31,Chennai,32.4,0.0,0,0,0,0
2026-03-31,Madurai,34.0,1.7,0,0,0,0
2026-03-31,Salem,29.7,0.0,0,0,0,1
2026-04-01,Coimbatore,28.8,0.0,0,0,0,0
2026-04-01,Chennai,32.7,0.6,0,0,0,0
2026-04-01,Madurai,33.8,0.0,0,0,0,0
2026-04-01,Salem,32.8,0.0,0,0,0,0
2026-04-02,Coimbatore,30.0,0.0,0,0,0,0
2026-04-02,Chennai,33.5,0.0,0,0,0,0
2026-04-02,Madurai,35.3,0.0,0,0,0,0
2026-04-02,Salem,31.9,0.0,0,0,0,0
2026-04-03,Coimbatore,30.2,0.0,0,0,0,0
2026-04-03,Chennai,34.0,0.0,0,0,0,0
2026-04-03,Madurai,32.5,0.7,0,0,0,0
2026-04-03,Salem,31.2,0.0,0,0,0,0
2026-04-04,Coimbatore,32.2,0.0,0,0,1,0
2026-04-04,Chennai,32.3,2.9,0,0,1,0
2026-04-04,Madurai,34.7,2.8,0,0,1,0
2026-04-04,Salem,31.0,0.0,0,0,1,0
2026-04-05,Coimbatore,31.2,4.6,0,0,1,0
2026-04-05,Chennai,33.7,0.0,0,0,1,0
2026-04-05,Madurai,33.1,0.0,0,0,1,0
2026-04-05,Salem,29.4,0.0,0,0,1,0
2026-04-06,Coimbatore,31.4,1.3,0,0,0,0
2026-04-06,Chennai,32.7,0.0,0,0,0,0
2026-04-06,Madurai,32.8,0.0,0,0,0,0
2026-04-06,Salem,31.8,5.0,0,0,0,0
2026-04-07,Coimbatore,32.0,0.0,0,0,0,1
2026-04-07,Chennai,35.4,0.0,0,0,0,0
2026-04-07,Madurai,32.9,2.2,0,0,0,0
2026-04-07,Salem,33.0,0.0,0,0,0,0
2026-04-08,Coimbatore,29.8,4.0,0,0,0,0
2026-04-08,Chennai,32.8,1.9,0,0,0,0
2026-04-08,Madurai,31.3,0.9,0,0,0,0
2026-04-08,Salem,31.0,0.0,0,0,0,0
2026-04-09,Coimbatore,31.0,0.0,0,0,0,0
2026-04-09,Chennai,36.0,0.0,0,0,0,0
2026-04-09,Madurai,33.3,0.0,0,0,0,0
2026-04-09,Salem,33.3,5.6,0,0,0,0
2026-04-10,Coimbatore,30.6,1.0,0,0,0,0
2026-04-10,Chennai,33.6,0.0,0,0,0,0
2026-04-10,Madurai,31.8,2.4,0,0,0,0
2026-04-10,Salem,31.9,0.0,0,0,0,0
2026-04-11,Coimbatore,29.8,0.0,0,0,1,0
2026-04-11,Chennai,33.9,0.0,0,0,1,0
2026-04-11,Madurai,31.2,0.0,0,0,1,0
2026-04-11,Salem,29.9,0.0,0,0,1,0
2026-04-12,Coimbatore,29.4,0.0,0,0,1,0
2026-04-12,Chennai,31.5,0.0,0,0,1,0
2026-04-12,Madurai,32.8,0.0,0,0,1,0
2026-04-12,Salem,31.0,0.0,0,0,1,0
2026-04-13,Coimbatore,29.9,0.0,0,0,0,0
2026-04-13,Chennai,34.9,0.0,0,0,0,0
2026-04-13,Madurai,31.9,0.0,0,0,0,0
2026-04-13,Salem,31.0,0.0,0,0,0,0
2026-04-14,Coimbatore,30.5,0.0,1,0,0,0
2026-04-14,Chennai,33.7,0.0,1,0,0,0
2026-04-14,Madurai,35.4,0.0,1,0,0,0
2026-04-14,Salem,30.6,0.0,1,0,0,0
2026-04-15,Coimbatore,30.0,0.9,0,0,0,0
2026-04-15,Chennai,33.5,0.0,0,0,0,0
2026-04-15,Madurai,33.1,0.0,0,0,0,0
2026-04-15,Salem,29.8,0.0,0,0,0,0
2026-04-16,Coimbatore,30.3,0.0,0,0,0,0
2026-04-16,Chennai,33.2,4.3,0,0,0,0
2026-04-16,Madurai,32.0,1.5,0,0,0,0
2026-04-16,Salem,30.1,3.9,0,0,0,0
2026-04-17,Coimbatore,30.4,0.0,0,0,0,0
2026-04-17,Chennai,30.4,8.5,0,0,0,0
2026-04-17,Madurai,31.8,0.0,0,0,0,0
2026-04-17,Salem,29.5,0.0,0,0,0,0
2026-04-18,Coimbatore,30.4,0.0,0,0,1,0
2026-04-18,Chennai,33.2,2.0,0,0,1,1
2026-04-18,Madurai,32.9,0.7,0,0,1,0
2026-04-18,Salem,30.9,0.0,0,0,1,0
2026-04-19,Coimbatore,29.0,0.0,0,0,1,0
2026-04-19,Chennai,33.4,0.0,0,0,1,0
2026-04-19,Madurai,31.4,0.0,0,0,1,0
2026-04-19,Salem,28.2,0.0,0,0,1,0
2026-04-20,Coimbatore,31.8,0.0,0,0,0,0
2026-04-20,Chennai,32.1,0.0,0,0,0,0
2026-04-20,Madurai,32.3,0.0,0,0,0,0
2026-04-20,Salem,32.0,0.0,0,0,0,0
2026-04-21,Coimbatore,29.6,0.0,0,0,0,0
2026-04-21,Chennai,33.6,0.0,0,0,0,0
2026-04-21,Madurai,32.1,2.4,0,0,0,0
2026-04-21,Salem,29.3,0.0,0,0,0,0
2026-04-22,Coimbatore,29.2,0.0,0,0,0,0
2026-04-22,Chennai,34.8,7.2,0,0,0,0
2026-04-22,Madurai,33.1,0.0,0,0,0,0
2026-04-22,Salem,32.4,10.2,0,0,0,0
2026-04-23,Coimbatore,31.0,9.9,0,0,0,0
2026-04-23,Chennai,35.5,0.0,0,0,0,0
2026-04-23,Madurai,33.0,1.8,0,0,0,0
2026-04-23,Salem,33.3,0.0,0,0,0,0
2026-04-24,Coimbatore,29.0,3.7,0,0,0,0
2026-04-24,Chennai,33.2,0.0,0,0,0,0
2026-04-24,Madurai,33.4,0.0,0,0,0,0
2026-04-24,Salem,29.9,0.0,0,0,0,0
2026-04-25,Coimbatore,29.1,0.0,0,0,1,0
2026-04-25,Chennai,33.9,0.0,0,0,1,0
2026-04-25,Madurai,32.2,0.0,0,0,1,0
2026-04-25,Salem,30.7,9.6,0,0,1,0
2026-04-26,Coimbatore,30.3,0.0,0,0,1,0
2026-04-26,Chennai,34.0,0.0,0,0,1,0
2026-04-26,Madurai,30.2,0.0,0,0,1,0
2026-04-26,Salem,30.7,0.7,0,0,1,0
2026-04-27,Coimbatore,31.9,1.9,0,0,0,0
2026-04-27,Chennai,31.9,0.0,0,0,0,0
2026-04-27,Madurai,32.8,0.0,0,0,0,0
2026-04-27,Salem,29.9,0.0,0,0,0,1
2026-04-28,Coimbatore,31.1,0.0,0,0,0,0
2026-04-28,Chennai,34.2,0.0,0,0,0,0
2026-04-28,Madurai,31.8,0.0,0,0,0,0
2026-04-28,Salem,31.1,0.0,0,0,0,0
2026-04-29,Coimbatore,31.4,0.0,0,0,0,0
2026-04-29,Chennai,31.4,0.0,0,0,0,1
2026-04-29,Madurai,33.8,0.0,0,0,0,0
2026-04-29,Salem,30.1,0.0,0,0,0,0
2026-04-30,Coimbatore,30.5,0.0,0,0,0,0
2026-04-30,Chennai,34.5,6.4,0,0,0,0
2026-04-30,Madurai,33.8,0.0,0,0,0,0
2026-04-30,Salem,30.0,0.0,0,0,0,0
2026-05-01,Coimbatore,29.7,0.0,0,0,0,0
2026-05-01,Chennai,32.2,6.6,0,0,0,0
2026-05-01,Madurai,34.5,0.0,0,0,0,0
2026-05-01,Salem,29.5,0.0,0,0,0,0
2026-05-02,Coimbatore,31.7,0.0,0,0,1,0
2026-05-02,Chennai,32.2,0.0,0,0,1,0
2026-05-02,Madurai,31.6,0.0,0,0,1,0
2026-05-02,Salem,31.7,0.0,0,0,1,0
2026-05-03,Coimbatore,31.4,0.0,0,0,1,0
2026-05-03,Chennai,33.0,0.0,0,0,1,0
2026-05-03,Madurai,30.9,2.1,0,0,1,0
2026-05-03,Salem,32.7,0.0,0,0,1,0
2026-05-04,Coimbatore,29.6,0.0,0,0,0,0
2026-05-04,Chennai,34.1,0.0,0,0,0,0
2026-05-04,Madurai,33.7,0.7,0,0,0,0
2026-05-04,Salem,29.6,7.5,0,0,0,0
2026-05-05,Coimbatore,29.2,1.6,0,0,0,0
2026-05-05,Chennai,33.2,8.2,0,0,0,0
2026-05-05,Madurai,32.5,0.0,0,0,0,1
2026-05-05,Salem,30.8,0.3,0,0,0,0
2026-05-06,Coimbatore,29.5,0.7,0,0,0,0
2026-05-06,Chennai,33.8,0.0,0,0,0,0
2026-05-06,Madurai,31.2,1.6,0,0,0,0
2026-05-06,Salem,30.9,0.0,0,0,0,0
2026-05-07,Coimbatore,31.5,0.0,0,0,0,0
2026-05-07,Chennai,33.3,0.0,0,0,0,0
2026-05-07,Madurai,31.7,0.0,0,0,0,0
2026-05-07,Salem,31.2,0.0,0,0,0,0
2026-05-08,Coimbatore,31.2,0.0,0,0,0,0
2026-05-08,Chennai,33.1,0.0,0,0,0,0
2026-05-08,Madurai,31.2,1.1,0,0,0,0
2026-05-08,Salem,31.3,0.0,0,0,0,0
2026-05-09,Coimbatore,28.4,0.0,0,0,1,0
2026-05-09,Chennai,33.2,0.0,0,0,1,0
2026-05-09,Madurai,32.5,0.0,0,0,1,0
2026-05-09,Salem,30.6,7.3,0,0,1,1
2026-05-10,Coimbatore,30.0,7.4,0,0,1,0
2026-05-10,Chennai,33.7,0.0,0,0,1,0
2026-05-10,Madurai,29.9,0.0,0,0,1,0
2026-05-10,Salem,30.8,0.0,0,0,1,0
2026-05-11,Coimbatore,31.0,0.0,0,0,0,0
2026-05-11,Chennai,32.8,0.0,0,0,0,0
2026-05-11,Madurai,33.1,0.0,0,0,0,0
2026-05-11,Salem,30.0,0.0,0,0,0,0
2026-05-12,Coimbatore,29.4,0.0,0,0,0,0
2026-05-12,Chennai,32.4,18.2,0,0,0,0
2026-05-12,Madurai,30.7,0.0,0,0,0,0
2026-05-12,Salem,30.4,0.0,0,0,0,0
2026-05-13,Coimbatore,30.5,0.0,0,0,0,0
2026-05-13,Chennai,32.8,8.8,0,0,0,0
2026-05-13,Madurai,34.2,0.0,0,0,0,0
2026-05-13,Salem,30.8,0.0,0,0,0,0
2026-05-14,Coimbatore,30.3,0.0,0,0,0,0
2026-05-14,Chennai,33.3,0.0,0,0,0,0
2026-05-14,Madurai,31.8,0.0,0,0,0,0
2026-05-14,Salem,30.8,0.0,0,0,0,0
2026-05-15,Coimbatore,30.6,0.0,0,0,0,0
2026-05-15,Chennai,32.0,2.4,0,0,0,0
2026-05-15,Madurai,30.9,0.0,0,0,0,0
2026-05-15,Salem,31.7,0.0,0,0,0,0
2026-05-16,Coimbatore,29.4,0.0,0,0,1,0
2026-05-16,Chennai,31.5,0.0,0,0,1,0
2026-05-16,Madurai,33.4,1.4,0,0,1,0
2026-05-16,Salem,31.1,0.0,0,0,1,0
2026-05-17,Coimbatore,27.6,3.4,0,0,1,0
2026-05-17,Chennai,33.5,0.0,0,0,1,0
2026-05-17,Madurai,32.1,0.0,0,0,1,0
2026-05-17,Salem,30.9,0.0,0,0,1,0
2026-05-18,Coimbatore,29.6,3.8,0,0,0,0
2026-05-18,Chennai,32.8,5.1,0,0,0,0
2026-05-18,Madurai,32.1,2.7,0,0,0,0
2026-05-18,Salem,30.8,0.0,0,0,0,1
2026-05-19,Coimbatore,30.9,1.6,0,0,0,0
2026-05-19,Chennai,33.3,15.9,0,0,0,0
2026-05-19,Madurai,32.1,0.0,0,0,0,1
2026-05-19,Salem,30.0,7.7,0,0,0,0
2026-05-20,Coimbatore,31.9,5.8,0,0,0,0
2026-05-20,Chennai,32.1,0.0,0,0,0,0
2026-05-20,Madurai,31.0,0.0,0,0,0,0
2026-05-20,Salem,30.4,7.9,0,0,0,0
2026-05-21,Coimbatore,30.4,0.0,0,0,0,0
2026-05-21,Chennai,32.0,0.0,0,0,0,0
2026-05-21,Madurai,29.6,0.0,0,0,0,0
2026-05-21,Salem,32.2,0.0,0,0,0,0
2026-05-22,Coimbatore,31.4,0.9,0,0,0,0
2026-05-22,Chennai,32.8,0.0,0,0,0,0
2026-05-22,Madurai,33.6,0.0,0,0,0,0
2026-05-22,Salem,31.0,1.4,0,0,0,0
2026-05-23,Coimbatore,28.2,2.4,0,0,1,0
2026-05-23,Chennai,30.3,4.0,0,0,1,0
2026-05-23,Madurai,30.0,5.7,0,0,1,1
2026-05-23,Salem,29.6,2.8,0,0,1,0
2026-05-24,Coimbatore,30.5,3.3,0,0,1,0
2026-05-24,Chennai,30.1,0.0,0,0,1,0
2026-05-24,Madurai,31.3,0.0,0,0,1,0
2026-05-24,Salem,29.4,0.0,0,0,1,0
2026-05-25,Coimbatore,30.6,0.0,0,0,0,0
2026-05-25,Chennai,34.5,0.0,0,0,0,0
2026-05-25,Madurai,31.9,0.0,0,0,0,0
2026-05-25,Salem,29.5,0.0,0,0,0,0
2026-05-26,Coimbatore,28.6,0.0,0,0,0,0
2026-05-26,Chennai,32.3,2.9,0,0,0,0
2026-05-26,Madurai,30.9,0.0,0,0,0,0
2026-05-26,Salem,30.1,0.0,0,0,0,0
2026-05-27,Coimbatore,29.7,0.0,0,0,0,0
2026-05-27,Chennai,31.9,0.0,0,0,0,0
2026-05-27,Madurai,32.1,0.0,0,0,0,0
2026-05-27,Salem,30.1,2.7,0,0,0,0
2026-05-28,Coimbatore,27.3,0.0,0,0,0,0
2026-05-28,Chennai,33.5,0.0,0,0,0,0
2026-05-28,Madurai,33.8,0.9,0,0,0,0
2026-05-28,Salem,31.8,0.0,0,0,0,0
2026-05-29,Coimbatore,29.3,0.0,0,0,0,0
2026-05-29,Chennai,33.5,0.0,0,0,0,0
2026-05-29,Madurai,29.5,0.0,0,0,0,0
2026-05-29,Salem,28.8,0.0,0,0,0,0
2026-05-30,Coimbatore,29.1,0.0,0,0,1,0
2026-05-30,Chennai,34.1,0.0,0,0,1,0
2026-05-30,Madurai,33.2,0.0,0,0,1,0
2026-05-30,Salem,31.2,0.0,0,0,1,0
2026-05-31,Coimbatore,31.5,0.0,0,0,1,0
2026-05-31,Chennai,31.6,0.0,0,0,1,0
2026-05-31,Madurai,32.0,0.0,0,0,1,1
2026-05-31,Salem,29.5,3.0,0,0,1,0
2026-06-01,Coimbatore,27.3,0.0,0,0,0,0
2026-06-01,Chennai,32.1,0.0,0,0,0,0
2026-06-01,Madurai,31.8,0.0,0,0,0,0
2026-06-01,Salem,31.1,3.0,0,0,0,0
2026-06-02,Coimbatore,30.0,0.0,0,0,0,0
2026-06-02,Chennai,34.6,0.0,0,0,0,0
2026-06-02,Madurai,34.2,0.0,0,0,0,0
2026-06-02,Salem,29.0,1.6,0,0,0,0
2026-06-03,Coimbatore,29.5,0.0,0,0,0,0
2026-06-03,Chennai,33.0,18.4,0,0,0,0
2026-06-03,Madurai,30.3,0.0,0,0,0,0
2026-06-03,Salem,31.3,0.0,0,0,0,0
2026-06-04,Coimbatore,31.8,0.0,0,0,0,0
2026-06-04,Chennai,35.6,4.8,0,0,0,0
2026-06-04,Madurai,32.0,1.5,0,0,0,0
2026-06-04,Salem,30.2,0.0,0,0,0,0
2026-06-05,Coimbatore,29.2,0.0,0,0,0,0
2026-06-05,Chennai,31.0,0.0,0,0,0,0
2026-06-05,Madurai,29.6,0.8,0,0,0,0
2026-06-05,Salem,27.3,0.0,0,0,0,0
2026-06-06,Coimbatore,33.1,0.0,0,0,1,0
2026-06-06,Chennai,33.0,0.0,0,0,1,0
2026-06-06,Madurai,32.1,6.1,0,0,1,0
2026-06-06,Salem,29.6,0.0,0,0,1,0
2026-06-07,Coimbatore,32.1,0.0,0,0,1,0
2026-06-07,Chennai,32.5,0.0,0,0,1,1
2026-06-07,Madurai,32.5,5.8,0,0,1,0
2026-06-07,Salem,29.1,7.2,0,0,1,0
2026-06-08,Coimbatore,28.6,6.4,0,0,0,1
2026-06-08,Chennai,31.5,0.0,0,0,0,0
2026-06-08,Madurai,31.8,0.0,0,0,0,0
2026-06-08,Salem,30.2,8.5,0,0,0,0
2026-06-09,Coimbatore,27.3,0.3,0,0,0,0
2026-06-09,Chennai,30.0,4.6,0,0,0,0
2026-06-09,Madurai,31.0,2.4,0,0,0,0
2026-06-09,Salem,28.8,0.0,0,0,0,0
2026-06-10,Coimbatore,28.1,0.0,0,0,0,0
2026-06-10,Chennai,31.9,0.1,0,0,0,0
2026-06-10,Madurai,29.2,0.0,0,0,0,0
2026-06-10,Salem,31.2,0.0,0,0,0,0
2026-06-11,Coimbatore,28.1,0.0,0,0,0,0
2026-06-11,Chennai,30.6,0.0,0,0,0,0
2026-06-11,Madurai,32.2,0.0,0,0,0,0
2026-06-11,Salem,30.4,0.0,0,0,0,0
2026-06-12,Coimbatore,28.3,0.0,0,0,0,0
2026-06-12,Chennai,33.2,2.1,0,0,0,0
2026-06-12,Madurai,31.3,1.1,0,0,0,0
2026-06-12,Salem,29.7,7.0,0,0,0,0
2026-06-13,Coimbatore,28.1,0.0,0,0,1,0
2026-06-13,Chennai,31.6,0.0,0,0,1,0
2026-06-13,Madurai,32.2,0.0,0,0,1,0
2026-06-13,Salem,30.1,3.0,0,0,1,0
2026-06-14,Coimbatore,31.0,0.0,0,0,1,0
2026-06-14,Chennai,30.5,8.7,0,0,1,1
2026-06-14,Madurai,32.6,0.0,0,0,1,0
2026-06-14,Salem,28.9,0.0,0,0,1,0
2026-06-15,Coimbatore,28.7,4.4,0,0,0,0
2026-06-15,Chennai,31.9,0.0,0,0,0,0
2026-06-15,Madurai,29.4,0.3,0,0,0,0
2026-06-15,Salem,30.0,4.5,0,0,0,0
2026-06-16,Coimbatore,28.7,0.0,0,0,0,0
2026-06-16,Chennai,32.5,5.3,0,0,0,0
2026-06-16,Madurai,29.9,0.0,0,0,0,0
2026-06-16,Salem,28.4,0.0,0,0,0,0
2026-06-17,Coimbatore,29.8,0.0,0,0,0,0
2026-06-17,Chennai,32.0,1.1,0,0,0,0
2026-06-17,Madurai,29.2,0.5,0,0,0,1
2026-06-17,Salem,26.4,0.0,0,0,0,0
2026-06-18,Coimbatore,28.7,4.9,0,0,0,0
2026-06-18,Chennai,31.9,0.0,0,0,0,0
2026-06-18,Madurai,31.1,0.0,0,0,0,0
2026-06-18,Salem,31.3,6.2,0,0,0,0
2026-06-19,Coimbatore,29.6,7.0,0,0,0,0
2026-06-19,Chennai,31.0,0.0,0,0,0,0
2026-06-19,Madurai,32.1,0.0,0,0,0,1
2026-06-19,Salem,27.8,4.0,0,0,0,0
2026-06-20,Coimbatore,29.2,0.0,0,0,1,0
2026-06-20,Chennai,31.8,0.0,0,0,1,0
2026-06-20,Madurai,28.9,3.7,0,0,1,0
2026-06-20,Salem,29.5,2.2,0,0,1,0
2026-06-21,Coimbatore,28.5,0.0,0,0,1,0
2026-06-21,Chennai,32.5,0.0,0,0,1,0
2026-06-21,Madurai,32.2,4.0,0,0,1,0
2026-06-21,Salem,29.1,0.0,0,0,1,0
2026-06-22,Coimbatore,27.5,0.0,0,0,0,0
2026-06-22,Chennai,31.6,17.8,0,0,0,0
2026-06-22,Madurai,30.8,0.0,0,0,0,0
2026-06-22,Salem,26.7,11.7,0,0,0,0
2026-06-23,Coimbatore,29.3,4.2,0,0,0,0
2026-06-23,Chennai,29.9,0.0,0,0,0,0
2026-06-23,Madurai,31.3,2.6,0,0,0,0
2026-06-23,Salem,29.3,0.0,0,0,0,0
2026-06-24,Coimbatore,28.8,0.0,0,0,0,0
2026-06-24,Chennai,32.4,15.6,0,0,0,0
2026-06-24,Madurai,30.5,0.0,0,0,0,0
2026-06-24,Salem,31.0,0.0,0,0,0,0
2026-06-25,Coimbatore,29.2,5.3,0,0,0,1
2026-06-25,Chennai,31.5,8.2,0,0,0,0
2026-06-25,Madurai,30.2,0.0,0,0,0,0
2026-06-25,Salem,31.7,2.6,0,0,0,1
2026-06-26,Coimbatore,27.1,0.0,0,0,0,0
2026-06-26,Chennai,29.8,0.0,0,0,0,0
2026-06-26,Madurai,32.1,1.1,0,0,0,0
2026-06-26,Salem,27.7,6.5,0,0,0,0
2026-06-27,Coimbatore,26.8,3.1,0,0,1,0
2026-06-27,Chennai,31.2,0.0,0,0,1,0
2026-06-27,Madurai,31.5,0.0,0,0,1,0
2026-06-27,Salem,31.1,3.7,0,0,1,0
2026-06-28,Coimbatore,30.3,0.0,0,0,1,0
2026-06-28,Chennai,31.1,0.7,0,0,1,0
2026-06-28,Madurai,31.5,2.3,0,0,1,0
2026-06-28,Salem,30.0,0.0,0,0,1,0
2026-06-29,Coimbatore,29.8,0.0,0,0,0,0
2026-06-29,Chennai,32.5,0.0,0,0,0,0
2026-06-29,Madurai,29.9,0.2,0,0,0,0
2026-06-29,Salem,28.3,0.0,0,0,0,0
2026-06-30,Coimbatore,29.8,0.0,0,0,0,0
2026-06-30,Chennai,32.4,0.0,0,0,0,0
2026-06-30,Madurai,29.2,0.0,0,0,0,0
2026-06-30,Salem,30.5,0.0,0,0,0,0
2026-07-01,Coimbatore,27.3,0.0,0,0,0,0
2026-07-01,Chennai,30.8,0.0,0,0,0,0
2026-07-01,Madurai,32.2,9.3,0,0,0,0
2026-07-01,Salem,29.5,0.0,0,0,0,0
2026-07-02,Coimbatore,26.6,0.0,0,0,0,0
2026-07-02,Chennai,32.4,17.5,0,0,0,0
2026-07-02,Madurai,34.2,0.0,0,0,0,0
2026-07-02,Salem,28.6,0.0,0,0,0,0
2026-07-03,Coimbatore,30.6,0.0,0,0,0,0
2026-07-03,Chennai,32.5,1.8,0,0,0,0
2026-07-03,Madurai,31.7,0.0,0,0,0,0
2026-07-03,Salem,30.1,0.0,0,0,0,0
2026-07-04,Coimbatore,29.0,0.0,0,0,1,0
2026-07-04,Chennai,30.8,0.4,0,0,1,0
2026-07-04,Madurai,30.0,0.0,0,0,1,0
2026-07-04,Salem,28.9,0.0,0,0,1,0
2026-07-05,Coimbatore,27.6,3.8,0,0,1,0
2026-07-05,Chennai,33.0,0.0,0,0,1,0
2026-07-05,Madurai,29.0,0.0,0,0,1,0
2026-07-05,Salem,27.7,0.0,0,0,1,0
2026-07-06,Coimbatore,29.7,0.0,0,0,0,0
2026-07-06,Chennai,33.7,2.5,0,0,0,0
2026-07-06,Madurai,30.5,0.0,0,0,0,0
2026-07-06,Salem,27.0,0.0,0,0,0,0
2026-07-07,Coimbatore,29.6,1.3,0,0,0,0
2026-07-07,Chennai,32.4,0.0,0,0,0,0
2026-07-07,Madurai,31.0,0.0,0,0,0,0
2026-07-07,Salem,28.6,0.0,0,0,0,0
2026-07-08,Coimbatore,30.1,1.7,0,0,0,0
2026-07-08,Chennai,31.7,3.5,0,0,0,0
2026-07-08,Madurai,32.1,0.0,0,0,0,0
2026-07-08,Salem,28.0,0.0,0,0,0,0
2026-07-09,Coimbatore,27.2,0.0,0,0,0,0
2026-07-09,Chennai,30.4,4.6,0,0,0,0
2026-07-09,Madurai,30.3,2.0,0,0,0,0
2026-07-09,Salem,29.0,0.0,0,0,0,0
2026-07-10,Coimbatore,29.6,0.0,0,0,0,0
2026-07-10,Chennai,32.4,9.0,0,0,0,0
2026-07-10,Madurai,30.5,1.8,0,0,0,0
2026-07-10,Salem,29.0,0.0,0,0,0,0
2026-07-11,Coimbatore,28.2,2.3,0,0,1,0
2026-07-11,Chennai,32.5,2.6,0,0,1,0
2026-07-11,Madurai,29.1,0.0,0,0,1,0
2026-07-11,Salem,29.0,0.0,0,0,1,0
2026-07-12,Coimbatore,30.2,1.7,0,0,1,0
2026-07-12,Chennai,29.6,0.0,0,0,1,0
2026-07-12,Madurai,31.0,3.1,0,0,1,0
2026-07-12,Salem,29.3,1.1,0,0,1,0
2026-07-13,Coimbatore,27.1,0.0,0,0,0,0
2026-07-13,Chennai,30.4,0.0,0,0,0,0
2026-07-13,Madurai,30.4,0.0,0,0,0,0
2026-07-13,Salem,28.7,6.6,0,0,0,0
2026-07-14,Coimbatore,28.3,11.7,0,0,0,0
2026-07-14,Chennai,32.4,21.7,0,0,0,0
2026-07-14,Madurai,31.4,0.0,0,0,0,0
2026-07-14,Salem,29.3,1.7,0,0,0,0
2026-07-15,Coimbatore,30.1,0.0,0,0,0,0
2026-07-15,Chennai,30.4,0.0,0,0,0,0
2026-07-15,Madurai,31.1,0.0,0,0,0,1
2026-07-15,Salem,28.5,0.0,0,0,0,0
2026-07-16,Coimbatore,27.2,0.0,0,0,0,0
2026-07-16,Chennai,29.5,7.7,0,0,0,0
2026-07-16,Madurai,30.7,0.0,0,0,0,0
2026-07-16,Salem,27.3,0.0,0,0,0,0
2026-07-17,Coimbatore,26.8,0.7,0,0,0,0
2026-07-17,Chennai,29.4,0.0,0,0,0,0
2026-07-17,Madurai,28.4,0.0,0,0,0,0
2026-07-17,Salem,28.3,0.0,0,0,0,0
2026-07-18,Coimbatore,28.3,0.0,0,0,1,0
2026-07-18,Chennai,30.7,0.0,0,0,1,0
2026-07-18,Madurai,28.9,3.3,0,0,1,0
2026-07-18,Salem,29.5,0.0,0,0,1,0
2026-07-19,Coimbatore,26.6,0.0,0,0,1,0
2026-07-19,Chennai,31.3,0.0,0,0,1,0
2026-07-19,Madurai,30.0,9.0,0,0,1,0
2026-07-19,Salem,27.6,0.6,0,0,1,1
2026-07-20,Coimbatore,26.6,5.2,0,0,0,0
2026-07-20,Chennai,32.1,0.0,0,0,0,0
2026-07-20,Madurai,32.4,0.0,0,0,0,0
2026-07-20,Salem,27.3,0.0,0,0,0,0
2026-07-21,Coimbatore,28.5,0.0,0,0,0,0
2026-07-21,Chennai,29.6,0.0,0,0,0,0
2026-07-21,Madurai,29.9,0.0,0,0,0,0
2026-07-21,Salem,27.1,0.0,0,0,0,0
2026-07-22,Coimbatore,28.6,0.0,0,0,0,0
2026-07-22,Chennai,31.1,25.0,0,0,0,0
2026-07-22,Madurai,28.5,6.4,0,0,0,0
2026-07-22,Salem,28.5,0.0,0,0,0,0
2026-07-23,Coimbatore,27.5,9.7,0,0,0,0
2026-07-23,Chennai,29.8,0.0,0,0,0,0
2026-07-23,Madurai,29.7,0.0,0,0,0,0
2026-07-23,Salem,29.3,0.0,0,0,0,0
2026-07-24,Coimbatore,25.0,0.0,0,0,0,0
2026-07-24,Chennai,32.2,0.0,0,0,0,0
2026-07-24,Madurai,29.2,0.0,0,0,0,0
2026-07-24,Salem,27.5,0.0,0,0,0,0
2026-07-25,Coimbatore,26.3,0.0,0,0,1,0
2026-07-25,Chennai,31.8,0.0,0,0,1,0
2026-07-25,Madurai,31.2,1.8,0,0,1,1
2026-07-25,Salem,30.7,0.0,0,0,1,0
2026-07-26,Coimbatore,29.4,0.0,0,0,1,0
2026-07-26,Chennai,31.2,0.0,0,0,1,0
2026-07-26,Madurai,31.0,0.0,0,0,1,0
2026-07-26,Salem,30.0,4.5,0,0,1,0
2026-07-27,Coimbatore,28.2,0.0,0,0,0,0
2026-07-27,Chennai,30.9,0.0,0,0,0,0
2026-07-27,Madurai,30.8,0.0,0,0,0,0
2026-07-27,Salem,27.1,0.0,0,0,0,0
2026-07-28,Coimbatore,26.8,6.4,0,0,0,0
2026-07-28,Chennai,30.4,1.2,0,0,0,0
2026-07-28,Madurai,31.4,0.0,0,0,0,0
2026-07-28,Salem,26.8,0.0,0,0,0,0
2026-07-29,Coimbatore,28.7,0.0,0,0,0,0
2026-07-29,Chennai,31.3,1.2,0,0,0,0
2026-07-29,Madurai,30.8,0.0,0,0,0,0
2026-07-29,Salem,28.7,4.3,0,0,0,0
2026-07-30,Coimbatore,26.9,2.1,0,0,0,0
2026-07-30,Chennai,31.1,0.0,0,0,0,0
2026-07-30,Madurai,30.4,0.0,0,0,0,0
2026-07-30,Salem,27.7,0.0,0,0,0,0
2026-07-31,Coimbatore,26.7,3.4,0,0,0,0
2026-07-31,Chennai,31.4,0.0,0,0,0,0
2026-07-31,Madurai,30.3,2.0,0,0,0,0
2026-07-31,Salem,27.4,0.0,0,0,0,1
2026-08-01,Coimbatore,25.3,0.0,0,0,1,0
2026-08-01,Chennai,31.3,6.6,0,0,1,0
2026-08-01,Madurai,31.1,0.0,0,0,1,0
2026-08-01,Salem,30.4,0.0,0,0,1,0
2026-08-02,Coimbatore,28.7,0.0,0,0,1,0
2026-08-02,Chennai,30.0,0.0,0,0,1,0
2026-08-02,Madurai,31.3,4.2,0,0,1,0
2026-08-02,Salem,30.4,0.0,0,0,1,0
2026-08-03,Coimbatore,28.8,0.0,0,0,0,0
2026-08-03,Chennai,31.1,17.1,0,0,0,0
2026-08-03,Madurai,28.8,0.0,0,0,0,0
2026-08-03,Salem,30.3,0.0,0,0,0,0
2026-08-04,Coimbatore,27.4,4.4,0,0,0,0
2026-08-04,Chennai,29.2,0.0,0,0,0,0
2026-08-04,Madurai,30.6,3.5,0,0,0,0
2026-08-04,Salem,29.8,0.0,0,0,0,0
2026-08-05,Coimbatore,28.4,0.0,0,0,0,0
2026-08-05,Chennai,27.3,2.7,0,0,0,0
2026-08-05,Madurai,29.6,0.0,0,0,0,0
2026-08-05,Salem,29.8,3.1,0,0,0,0
2026-08-06,Coimbatore,26.8,0.0,0,0,0,0
2026-08-06,Chennai,29.0,0.0,0,0,0,0
2026-08-06,Madurai,30.1,0.8,0,0,0,0
2026-08-06,Salem,29.0,4.3,0,0,0,0
2026-08-07,Coimbatore,28.3,0.0,0,0,0,0
2026-08-07,Chennai,29.7,0.0,0,0,0,0
2026-08-07,Madurai,29.1,0.0,0,0,0,0
2026-08-07,Salem,27.6,1.4,0,0,0,0
2026-08-08,Coimbatore,25.2,2.3,0,0,1,0
2026-08-08,Chennai,30.2,5.8,0,0,1,0
2026-08-08,Madurai,28.1,0.9,0,0,1,0
2026-08-08,Salem,27.2,4.0,0,0,1,0
2026-08-09,Coimbatore,28.3,2.0,0,0,1,0
2026-08-09,Chennai,31.0,0.0,0,0,1,0
2026-08-09,Madurai,27.1,0.0,0,0,1,0
2026-08-09,Salem,28.2,1.0,0,0,1,0
2026-08-10,Coimbatore,25.0,0.0,0,0,0,0
2026-08-10,Chennai,29.8,0.0,0,0,0,0
2026-08-10,Madurai,29.9,0.0,0,0,0,0
2026-08-10,Salem,29.7,0.0,0,0,0,0
2026-08-11,Coimbatore,28.7,0.0,0,0,0,0
2026-08-11,Chennai,29.8,0.0,0,0,0,0
2026-08-11,Madurai,31.3,0.0,0,0,0,0
2026-08-11,Salem,27.6,0.0,0,0,0,0
2026-08-12,Coimbatore,26.9,0.0,0,0,0,0
2026-08-12,Chennai,31.5,0.0,0,0,0,0
2026-08-12,Madurai,29.5,0.0,0,0,0,0
2026-08-12,Salem,26.2,0.0,0,0,0,0
2026-08-13,Coimbatore,24.6,0.0,0,0,0,0
2026-08-13,Chennai,31.2,0.0,0,0,0,0
2026-08-13,Madurai,28.1,1.0,0,0,0,0
2026-08-13,Salem,26.3,0.0,0,0,0,0
2026-08-14,Coimbatore,27.4,0.0,0,0,0,0
2026-08-14,Chennai,31.6,0.0,0,0,0,0
2026-08-14,Madurai,29.4,0.0,0,0,0,0
2026-08-14,Salem,28.1,2.4,0,0,0,0
2026-08-15,Coimbatore,27.5,0.0,1,1,1,1
2026-08-15,Chennai,30.6,0.1,1,1,1,0
2026-08-15,Madurai,28.4,0.0,1,1,1,0
2026-08-15,Salem,26.5,1.5,1,1,1,0
2026-08-16,Coimbatore,29.0,2.4,0,1,1,0
2026-08-16,Chennai,29.5,0.0,0,1,1,0
2026-08-16,Madurai,30.8,1.1,0,1,1,0
2026-08-16,Salem,26.3,0.0,0,1,1,0
2026-08-17,Coimbatore,26.3,3.0,0,0,0,0
2026-08-17,Chennai,29.7,4.9,0,0,0,0
2026-08-17,Madurai,29.4,0.8,0,0,0,0
2026-08-17,Salem,27.0,0.0,0,0,0,0
2026-08-18,Coimbatore,28.5,0.0,0,0,0,0
2026-08-18,Chennai,30.9,0.0,0,0,0,0
2026-08-18,Madurai,31.3,7.8,0,0,0,0
2026-08-18,Salem,27.7,3.7,0,0,0,0
2026-08-19,Coimbatore,27.3,0.0,0,0,0,0
2026-08-19,Chennai,31.1,0.0,0,0,0,0
2026-08-19,Madurai,28.5,0.0,0,0,0,0
2026-08-19,Salem,28.6,0.0,0,0,0,0
2026-08-20,Coimbatore,28.8,0.0,0,0,0,0
2026-08-20,Chennai,28.0,0.0,0,0,0,0
2026-08-20,Madurai,28.5,0.0,0,0,0,0
2026-08-20,Salem,28.3,2.7,0,0,0,0
2026-08-21,Coimbatore,25.7,0.0,0,0,0,0
2026-08-21,Chennai,30.3,0.0,0,0,0,0
2026-08-21,Madurai,31.5,0.0,0,0,0,0
2026-08-21,Salem,27.0,0.0,0,0,0,0
2026-08-22,Coimbatore,27.6,5.6,0,0,1,0
2026-08-22,Chennai,28.8,0.0,0,0,1,0
2026-08-22,Madurai,31.0,0.0,0,0,1,0
2026-08-22,Salem,28.8,0.8,0,0,1,0
2026-08-23,Coimbatore,25.9,0.0,0,0,1,0
2026-08-23,Chennai,27.7,0.0,0,0,1,0
2026-08-23,Madurai,28.9,0.1,0,0,1,0
2026-08-23,Salem,28.5,0.0,0,0,1,0
2026-08-24,Coimbatore,27.0,0.0,0,0,0,0
2026-08-24,Chennai,30.2,0.0,0,0,0,0
2026-08-24,Madurai,30.4,0.0,0,0,0,0
2026-08-24,Salem,27.3,0.0,0,0,0,0
2026-08-25,Coimbatore,27.0,3.4,0,0,0,0
2026-08-25,Chennai,29.1,0.0,0,0,0,1
2026-08-25,Madurai,26.8,0.0,0,0,0,0
2026-08-25,Salem,28.1,0.0,0,0,0,0
2026-08-26,Coimbatore,26.8,0.0,0,0,0,0
2026-08-26,Chennai,30.4,2.4,0,0,0,0
2026-08-26,Madurai,31.1,5.5,0,0,0,0
2026-08-26,Salem,25.8,0.0,0,0,0,0
2026-08-27,Coimbatore,25.2,2.8,0,0,0,0
2026-08-27,Chennai,28.8,10.4,0,0,0,0
2026-08-27,Madurai,28.3,0.0,0,0,0,0
2026-08-27,Salem,27.6,0.0,0,0,0,0
2026-08-28,Coimbatore,27.4,0.0,0,0,0,1
2026-08-28,Chennai,30.4,0.0,0,0,0,0
2026-08-28,Madurai,27.6,0.0,0,0,0,0
2026-08-28,Salem,26.2,0.0,0,0,0,0
2026-08-29,Coimbatore,26.6,0.0,0,0,1,0
2026-08-29,Chennai,30.7,0.0,0,0,1,0
2026-08-29,Madurai,26.3,0.0,0,0,1,0
2026-08-29,Salem,25.7,1.5,0,0,1,0
2026-08-30,Coimbatore,28.2,8.8,0,0,1,0
2026-08-30,Chennai,30.2,2.6,0,0,1,0
2026-08-30,Madurai,29.0,5.4,0,0,1,0
2026-08-30,Salem,25.7,0.0,0,0,1,0
2026-08-31,Coimbatore,27.6,0.0,0,0,0,0
2026-08-31,Chennai,28.9,0.0,0,0,0,0
2026-08-31,Madurai,31.0,2.6,0,0,0,0
2026-08-31,Salem,28.8,0.0,0,0,0,0
