dataset,column,q1,q3,iqr,lower_bound,upper_bound,outlier_count,outlier_percentage
external_factors,temp_c,29.3,32.0,2.7,25.25,36.05,5,0.52
external_factors,rain_mm,0.0,1.4,1.4,-2.1,3.5,142,14.61
inventory,opening,87.0,260.0,173.0,-172.5,519.5,1252,4.29
inventory,received,0.0,42.0,42.0,-63.0,105.0,4131,14.17
inventory,sold,17.0,48.0,31.0,-29.5,94.5,1303,4.47
inventory,closing,87.0,261.0,174.0,-174.0,522.0,1229,4.21
inventory,reorder_lvl,69.0,205.0,136.0,-135.0,409.0,1175,4.03
inventory,lead_days,2.0,3.0,1.0,0.5,4.5,1394,4.78
products,mrp,61.25,140.0,78.75,-56.88,258.12,0,0.0
products,cost_price,43.75,103.25,59.5,-45.5,192.5,0,0.0
products,shelf_life_days,180.0,682.5,502.5,-573.75,1436.25,0,0.0
stores,floor_area_sqft,6750.0,10875.0,4125.0,562.5,17062.5,1,25.0
stores,avg_daily_customers,990.0,1650.0,660.0,0.0,2640.0,1,25.0
transactions,quantity,3.0,21.0,18.0,-24.0,48.0,4383,6.51
transactions,selling_price,59.91,140.49,80.58,-60.96,261.36,0,0.0
transactions,discount_pct,0.0,0.0,0.0,0.0,0.0,3427,5.09
