Model,MAE,RMSE,sMAPE (%),R2,Bias,Under-Forecast Rate (%)
XGBoost Regressor,13.047,19.655,5.2,0.9875,0.38,47.22
Random Forest,13.7,20.876,5.45,0.9859,2.151,43.12
Decision Tree,17.137,30.131,6.41,0.9707,3.382,41.85
Baseline: Prev 7D Mean,19.397,29.786,7.55,0.9713,0.29,47.22
Lasso Regression,19.723,27.144,11.72,0.9762,-9.805,58.68
KNN Regressor,27.993,37.859,13.94,0.9537,-3.26,49.84
Baseline: Seasonal Naive,36.019,57.998,14.06,0.8913,0.381,53.22
Ridge Regression,42.691,70.211,33.83,0.8407,-34.432,64.88
SVM (SVR),76.555,115.318,33.08,0.5701,-2.426,41.41
